content,chunkId
"这是GOWEI工厂仓库内的一张照片，显示了排列整齐的一系列电动三轮车。这些三轮车都涂有鲜艳的蓝色和绿色，看起来是全新的，待发货。每辆三轜车的尾部都带有品牌标识“GOWEI”，显然是该品牌的产品。整个场景给人一种干净、有序的印象。,GOWEI 电动三轮车工厂仓库",800bf25eebb104c17d8007555cdc359e
"这张图片描绘了GOWEI电动三轮车的生产车间。图中显示了一些工作人员在车间内忙碌的场景。车间内部设施齐全，顶部布满了管道和电线，以及明显的工业风扇。地面上有蓝色的传送带，上面停放着几辆已经组装好的电动三轮车。整个车间布局整洁且条例明确，显示出该工厂的高效组织性和运作流程。,GOWEI 电动三轮车生产车间",3a8a00ee2de304f385b2b60a48f2fb47
"图中展示了一位男士正在试驾一辆蓝色的GOWEI电动三轮车。三轮车位于一条由砾石和泥土混合的道路上，环境看起来较为乡村，后方停放着多辆车辆和一些存放杂物的棚子。此外，图中还可见一只狗的后半身，看似在跟随三轮车行驶。整个场景给人一种户外活动和测试新技术的即视感。,美国当地客户试驾GOWEI电动三轮车",fd1a96afe5e60aeadb0dc960055d5890
"在这张图像中，一位男士正在试驾一辆蓝色的GOWEI电动三轮车。三轮车装载着一些货物，背景为多云的天空和一些低矮的建筑。男士透过方向盘专注地望向前方，准备驾驶这辆实用的电动车。整体场景显示了电动三轮车在户外的使用情境。,美国当地客户试驾GOWEI电动三轮车",e0b737cd57672e91bdfa501edd0d3905
"一位使用者驾驶三轮车在农场上运送物品，背景有房屋和围栏，天气晴朗。,美国用户评价GOWEI电动三轮车",959c9383f86c4f93d8adec6fedd04f26
"这一场景显示了电动三轮车的正面视图，着重展示了灯光系统和前面板上的品牌标识。三轮车呈现鲜艳的蓝色，头灯设计显得现代且功能性强。,GOWEI EEC状态电动三轮车",8e692815e0bdff9e15e4c4b73ccf6bb0
"送外卖员穿着工作服坐在外卖电动车上，背靠湖面和建筑。,GOWEI 外卖车测评",f805cf43bc64ca8fcc07d5ed3ecb0005
"公司外景展示现代化工业建筑，强调企业规模和形象。,这是一个有关电动车烤漆工艺流程的视频",2756d024691493f85927f6cc2de4a930
"电动三轮车在一条典型的乡村道路上行驶，道路两侧草丛茂密，天气晴朗，路面平坦。,GOWEI 休闲电动三轮车测评",766cac2273a287623b5aadfec3813a5f
"这张图片显示了一个装货场景，一台红色叉车正在向一辆开着货箱的卡车装载货物。货物包括几个排列整齐的箱子。卡车停放在一个似乎是物流或工业区域的平坦广场上，场景中还可见其他卡车和集装箱。这个场景典型地体现了货运、物流操作。,GOWEI 装柜",0bc9be1ff0c3c6ba26c2149ced85ce7d
"一位工人操作叉车，把货物装载到卡车上。,GOWEI 装柜",83001830ec8d6bc0b79e3e6abe484e33
"远景中展示了一排存放着大量蓝色集装箱的仓库区域，背景模糊。,GOWEI 装柜",1fbd9a836fd91108df4a9264fb4148ce
"显示了三轮车的仪表盘，具有明晰的速度、电量显示和一些基本的功能指示，例如“驾驶”模式。,GOWEI休闲电动三轮车介绍",da491b1ad45ed3e1501ba363616561d1
"一名男性工人正站在一台大型机器旁，似乎在进行组装或维修工作。机器的颜色为蓝色，周围散落着各种工具和零件，营造出一种忙碌而有序的工作环境。车间内部光线充足，顶部装有多个大型吊扇，保持空气流通。,GOWEI电动三轮车生产流水线",79a817dab672099be62b350576d1477f
"图像显示了一辆红色的GOWEI品牌电动三轮车的驾驶区部分。可以看到三轮车的方向手柄，其中包括一个黑色的握把和一个中央的数字仪表显示屏。屏幕上没有显示信息。背景中可以隐约看到部分车身和车后的黑色货架。图像底部的文字介绍了这款三轮车，指出它适合老年人和女性使用，外观好看，质量和性能都很高。,GOWEI3.0-8真空轮胎休闲电动三轮车介绍",3061a8996ab34025775c4e86a7c64c50
"这张图片展示了几款不同颜色的电动三轮车停放在一个室内场所，可能是一个展示厅。最前方的三轮车为浅蓝色，配备了全封闭的驾驶舱。红色和白色的三轮车则拥有开放式的座位设计，看起来更为休闲。这些电动三轮车看似专为便捷的城市或休闲出行设计。背景中还有一些植物，增添了一些自然的氛围。整体场景展现了这些电动三轮车的多样性和适用性。,GOWEI60v20ah铅酸电池休闲电动三轮车介绍",5d01d2ce29f51161afca37bb46717824
"女主持人介绍电动车的环境下，散发自信与专业的氛围。,GOWEI CP900电动两轮车",c88765ddcf54a81fa42a015b865ce021
"图中展示了一辆停在路边的ROCKET电动车。电动车的颜色为白色，配有深棕色的座垫，显得简洁而时尚。车辆定位在宽阔的道路旁，背景中可以看到多辆车辆和一些绿色植被，环境较为开阔。电动车边缘的轮胎细节清晰，前轮配有现代化的合金轮毂设计。,ROCKET电动车展示视频",f77e8219393719e0e690805173cebcf7
"Vespa电动车的侧面外观，淡雅的蓝色调，设计简洁，线条流畅，车身表面干净整洁，无明显的磨损痕迹。车辆侧板上设计有多个螺钉，突出了其坚固的制造工艺。座椅为深褐色，与蓝色车身形成对比，增加了视觉美感。,Vespa电动车",c2e6d2e4de71f11d158bfb1279644bc2
"一辆黑色的Vespa电动车停放在户外绿地上，整洁，背景有高楼和树木。,Vespa电动车应用",8195408f5ebdce8a3f76ad907e1f5dfb
"外部厂区景象，显示了厂区的宽敞道路以及规整的建筑布局，凸显了工厂的现代化和规模。,Vespa电动车工厂介绍",0e6daada0f47215fa1e88d27a9a90be2
"车厢开启的大型货车正准备离开或已经到达装货地点，背景有树木和部分建筑。,GOWEI 装柜",9aac59886b5ecb5155c9df38ac772228
"同样展示了仪表盘，但关注在速度与电量的另一种显示方式上，提供不同的用户界面设计。,GOWEI休闲电动三轮车介绍",76407bcb54c69936f298c6db1a44a6e3
"展示电动车的侧面线条和设计细节。,Vespa电动车应用",563daf7e06b6206aecb0c1ec32cd3129
"此图为ROCKET电动车的另一个角度视图，更接近侧面和前方视角。车辆的设计线条流畅，车头部分设有较大的储物箱和方便的手把。电动车的前部带有一灯具和信号灯，提供了良好的照明和指示标识。同样，车辆的颜色为白色和棕色，与第一场景中的车辆一致，保持了风格统一。,ROCKET电动车展示视频",83030fc967f6cb2f63d11a592d60e8e6
"两位工人在卡车旁忙碌，一位站在卡车外，另一位在卡车内部搬运货物。,GOWEI 装柜",a7a83819bbbf2a068f79ba8637350a45
"展示车辆的另一侧视角，呼应中上图，展示设计的对称性。,Vespa电动车应用",1a2eeff45f819aab8eb8e62dcda7f3f8
"流水线长廊两侧设置清洁流水线，表明工厂内部管理有序，重视产品质量控制。,这是一个有关电动车烤漆工艺流程的视频",454d623cdb7b51ff4e73f1aee1ba2fd0
"穿蓝色工作服的工人在操作电动叉车提升货物。,GOWEI 装柜",ac37e9618c04613368f2ffab3cbc9ad2
"显示了三辆不同颜色的Vespa电动车集中展示，强调多样的颜色选项和设计。,Vespa电动车应用",8070d5190731be45f8dd286c2cddf1a3
"场景展示了三轮车的侧面全貌，包括驾驶室和货车部分。可以看到车辆结构设计合理，货舱空间宽敞，侧面也有品牌标识。,GOWEI EEC状态电动三轮车",55ae793b4d7beec0515afd3dce064c67
"展示了一个更现代化和科技感强的仪表盘，显示速度和电量，同时包含了“READY”和“SPORT”模式提示。,GOWEI休闲电动三轮车介绍",71f77d1a6cd5e5d0eb86a150ee738847
"电动三轮车在相同的乡村道路上行驶，强调了车辆在直路上的稳定性和舒适性。,GOWEI 休闲电动三轮车测评",eb54dd39d9f336feaa7d1ad34c0cd2f3
"特写GOWEI CP900停放在户外，集中展示车辆的正面和设计细节。,GOWEI CP900电动两轮车",18f717e1d5924d1e08bd1376c2809ca3
"特写电动车的数字化仪表盘，显示速度和电量等信息，突出现代化技术集成。,Vespa电动车应用",0ee1b4eda1c0672b1465cbf2b7059013
"红衣工人在卡车内部搬动大型纸箱，另一位工人在外部协助。,GOWEI 装柜",a58ab5716a6370d29c8d037dfcbd5833
"一辆带有""GOWEI""标志的大型卡车，正在运送装满货物的集装箱，前往下一个目的地。,GOWEI 装柜",708021a3ca6465e16da8617506cf96a1
"从侧面展示GOWEI CP900，强调其动感设计和运动风格。,GOWEI CP900电动两轮车",53dd7ab92fcbcd7c2161bcbc8225fec9
"正面全景图，展现了三轮车的完整正面造型，包括品牌标志和车灯，设计现代。,GOWEI休闲电动三轮车介绍",9f2bc23a972746243f9d4a95202be13f
"工人站立调整监视器旁边，好像在查看或确认仓库内的情况。,GOWEI 装柜",d75fddf665d93d57f70804082847868a
"近距离特写电动车的前部，展示灯光和车标配置。,GOWEI CP900电动两轮车",37d2331b2faba03c77ff3e835915953b
"另一个角度的仪表盘特写，更加突出驾驶视角下的信息展示与易用性。,Vespa电动车应用",f8af9064680b31adee8c880bee042b0c
"斜角视图展示电动车，突出其整体设计和颜色搭配。,GOWEI CP900电动两轮车",d4f9c56df69e99f74c6a07b63330b57f
"两名工人在技术设备或机械旁边工作，可能是在进行机器的设定或维护。,GOWEI 装柜",5133e0bc18db83d99b57d6228efe92f0
"该场景是从电动三轮车的后部拍摄的，突出显示了车辆的尾灯和车厢。从这个角度可以看到三轮车较大的载货能力和稳固的车身结构。,GOWEI EEC状态电动三轮车",229529d8b380a1a6e5dd29afe3bf1239
"内部构造特写，展示电动车的储物空间和其中放置的安全头盔等物品，强调实用性。,Vespa电动车应用",9dde7b5e1cf4918a15ab63deca9a927a
"电动三轮车接近一个十字路口，有交通标志和减速带，测试了其在更复杂交通环境中的表现。,GOWEI 休闲电动三轮车测评",1438b042f7b0d475ba11254a162ff864
"女主持人操作电动车的一瞬，突出其便捷的使用性。,GOWEI CP900电动两轮车",fff5c15b7b9e23534b56c085b4f8fc1d
"大型卡车载着一个带有明显""MAERSK""标志的集装箱，此集装箱很可能含有海运货物。,GOWEI 装柜",700bd2287d36c555abcf462f6f38e86b
"风景优美的桥和传统建筑，反映外卖车用于配送服务的环境。,GOWEI 外卖车测评",db6b57a1bb6be9eee5c20f2deec08952
"同样是全景图，但着重展示了红色款式的三轮车，强调了其鲜艳的颜色和明显的外观设计。,GOWEI休闲电动三轮车介绍",8c60a08370d627f081e49f4c800ffd1d
"两名工人在对一台类似打印机或大型机械设备的维修或操作。,GOWEI 装柜",e0d3ca843a368382890bc0d5a21e5da2
"着重于内部储物空间，但从另一个角度展示，更加全面地展示存储容量。,Vespa电动车应用",06705f8e209c2db2d6b842d3a6f9a3cb
"三轮车用于携带和喂养农场中的羊，羊群围绕着停放的三轮车。,美国用户评价GOWEI电动三轮车",63235a4c7bf460d7dd1935ad95cee6a2
"两名工人继续忙碌于同一台大型机械的操作或维护工作。,GOWEI 装柜",6f5387de063b459c3aed9740fae1f8fb
"聚焦于电动车的前方和驾驶器械，包括后视镜和手把，展示车辆控制部分的细节。,Vespa电动车应用",d6e02e4a113bcf7d2ca483add4c50154
"显示的是三轮车的座椅部分，特别突出了座椅的设计和安全结构，适合乘客舒适与安全。,GOWEI休闲电动三轮车介绍",85339e6a00f04c19572c3ddc0d1ea25e
"图像中显示一位穿着棕色外套和戴着白色摩托车头盔的人正在驾驶一辆白色的Vespa电动车。周围环境是一个日晒充足的公园，有绿色的草地和行道树。这种场景表现了Vespa电动车在城市公园环境中的使用情况。,Vespa电动车应用",3e0f46bf7a9eccc077d81fda8809f11f
"专注于送外卖员的装备和衣物细节，突出其专业性。,GOWEI 外卖车测评",2c5b82205344002d1b9b4cd1d2b49709
"一个重载的卡车正行驶在公路上，承载着两个堆叠的红色货柜，车身上有""GOWEI""的标识。,GOWEI 装柜",d0c54e7ce13cb17311eb1c4ae2b71d4c
"此场景给出了驾驶室的内部视图，展示了仪表盘、方向盘和坐椅等内饰细节。内部布局简洁实用，重点在于功能性和操作的便利。,GOWEI EEC状态电动三轮车",efd2b590ea86ffb298a9c2e7e735f0d4
"工作人员整理材料贮存区，显示工厂对材料存储的系统性和条理性。,这是一个有关电动车烤漆工艺流程的视频",2c2680bc50ce871f5a9b537e46c2df64
"展示了已经完工或正在准备装配的电动三轮车的零部件。大量的车轮和其他零部件整齐地堆放在仓库的货架上。一些橙色的电缆和其他配件也被有序地放置在地面上或货架上。场景中没有明显的人物活动，更多地强调了材料的储存和前期准备工作。背景中的灯光和建筑结构显示出现代化的工业环境。,GOWEI电动三轮车生产流水线",b7c96ce71211809f08c67a552bd99555
"电动车停放在湖边木栈道上，突出设计和自然环境融合。,GOWEI 外卖车测评",a40c76224ecbe43d55bdb4b1ac98b7d9
"侧面视角，描绘了三轮车的整体设计和较为紧凑的车身结构，突出便捷的入门设计。,GOWEI休闲电动三轮车介绍",a264e2fb9b4e6c772bb2e92a62e58bfe
"员工在电动车装配线上工作，装配线运转中，显示了生产线的忙碌和效率。,Vespa电动车工厂介绍",05eb1cb2b5a7c6ec801b515ee8c90de1
"展示多种车辆部件原材料，员工准备和处理零部件以备上色。,这是一个有关电动车烤漆工艺流程的视频",697bf83eb955aef16de635a93c1c350c
"清晰显示一辆装满货物的大型卡车，准备从停车场或装卸区驶出。,GOWEI 装柜",5313df498aa7aada5d9040ac27e2d117
"更多零部件被摆放和预处理，备于烤漆。,这是一个有关电动车烤漆工艺流程的视频",b49bd7b5e4ada3ed762d7ca66c211193
"重点展示一个空闲的机动托盘（可能用于移动和装卸重型货物），前景模糊。,GOWEI 装柜",23206d94595918448bb8b252dac07626
"详细展示了三轮车的驾驶舱区域，从另一个角度看，强调驾驶的舒适性和操作便利性。,GOWEI休闲电动三轮车介绍",1ae89a68b1169443f732c75efc6b15b1
"外卖电动车展示设计和结构特点，如颜色和商标。,GOWEI 外卖车测评",0d1d6db65b4e866c9e30ac1f38c88d72
"最后一个场景是从左前方45度角拍摄的，提供了三轮车一个综合的视角，包括了车头、侧门和部分货舱。这一角度展示了电动三轮车的动态设计和实用特性。,GOWEI EEC状态电动三轮车",76f6f8a8e37c362ac07610760c006afe
"聚焦于电动车的头灯部分，显示前灯设计和技术细节。,GOWEI 外卖车测评",1dbcbb616e12050ab046d1c734375604
"工作人员对部件进行初步喷漆处理，使用专业喷枪设备。,这是一个有关电动车烤漆工艺流程的视频",ccf4fbb28c605abaa689488ea2c832b8
"外卖电动车在人行道上，突出城市中的应用场景。,GOWEI 外卖车测评",bbb881b6f251dfd581071c076f4fa494
"聚焦于对更复杂形状部件的喷漆过程，工作人员需精细操作以确保涂层均匀。,这是一个有关电动车烤漆工艺流程的视频",5d54969780627fee12d34ded10461982
"从后方视角展示了三轮车，侧重于其独特的顶部保护架和紧凑的后部设计，展示了整车的侧后方造型。,GOWEI休闲电动三轮车介绍",fc7824abc336a93d210b4d6afc6f1d1d
"送外卖员手握电动车把手，聚焦操作和控制。,GOWEI 外卖车测评",b7a87cf3d9921e04410d92591f011b07
"近距离显示了同一机动托盘的不同角度，聚焦在装备的详情上，如轮胎和金属结构。,GOWEI 装柜",b45fb95f133748727468be5c801bec43
"展示了另一辆装有""MAERSK""标志集装箱的货车，车身侧面和部分车轮可见，处于行驶状态。,GOWEI 装柜",1da148ede02cdc84a25d85cff373cd5a
"显示电动车的尾灯和牌照部分，突出夜间安全性能。,GOWEI 外卖车测评",863473d655764d5b0c21bc417afcd70f
"另一位工作人员在做喷漆后的处理工作，例如擦拭和检查漆面的质量。,这是一个有关电动车烤漆工艺流程的视频",179c6fa76fcd977ad9364f10ef186d4b
"电动车行驶在清新的户外道路上，展示其在实际使用中的场景。,GOWEI CP900电动两轮车",14187b3763fb70368577d623c0862595
"图像展示了一个GOWEI品牌的休闲电动三轮车。这款三轮车设计现代，配有宽敞舒适的坐座和一个遮阳篷，看起来具有良好的防晒功能。车身颜色为米色和黑色。其具备一个后置的篮子，方便存放物品，整体结构看起来稳固而且现代化，适合休闲出行使用。,GOWEI休闲电动三轮车介绍",5994679caca04bd8e763e7ff2cea1d13
"一名穿着黄色外套的外卖员在绿树成荫的路上骑行，展现车辆在公园或类似环境中使用的场景。,GOWEI 外卖车测评",2d20f933b0a93c019696ee94c942ef29
"聚焦于电动车的底盘和悬挂系统，展示其技术细节和做工精良。,GOWEI CP900电动两轮车",b465231e2a1280f3d2117185a32401f3
"两位男性和一个摄影师在仓库外围观察并拍摄靠近装货卡车的活动。,GOWEI 装柜",1c4e4699eefce17c7cd3cef64d23c66e
"动态角度显示车辆行驶，呈现速度感和流畅的驾驶体验。,GOWEI CP900电动两轮车",b7db1a751b255e97f598feea0e298ef4
"一个穿戴全套骑行装备的女性骑手停在一个警告标志旁的桥上，标志禁止两轮车通行。,GOWEI CP900电动两轮车",2565554017b0b8bde07b99804c2b4ebe
"同一位女性站在电动摩托旁，介绍电动摩托配备72V60AH的电池。,GOWEI CP900电动两轮车",a2c5be9ffb097f45eaa93b3919fdb39e
"外卖员在转弯时驾驶该电动车，展示电动车在转弯时的稳定性。,GOWEI 外卖车测评",f88e7277a172bc8b6de9531404fc9014
"穿着工作服的操作人员正在驾驶一辆橙色的叉车，将装有标签'FORTE'的货物箱运送至一辆卡车。,GOWEI 装柜",dcab1a590557fd0edd08d0fd60af368d
"专注于电动车的前轮和刹车系统的近景，突出显示其机械部件的质量和设计。,GOWEI 外卖车测评",02ae23051f0089271a622bb2c0236a36
"进一步展示装配线上的工作情况，多名员工在进行不同的组装步骤，体现了流水线作业的协调性。,Vespa电动车工厂介绍",3fc2644bf4558ee49318ea56ce39487a
"从侧面近距离展示外卖员骑行电动车的场景，可能在强调骑行的舒适度。,GOWEI 外卖车测评",4b8d4decf768e72dbf95eb8f5906ccbb
"使用者驾驶三轮车在农场上移动，旁边有几头大型的牛。,美国用户评价GOWEI电动三轮车",5fa765678985cf29dd3bebd5c7f1248b
"紧聚焦于电动摩托车的前轮和刹车系统，显示了轮胎规格为110/70-12。,GOWEI CP900电动两轮车",f7b2ef163527a73543456b1565f55cc6
"一个员工在仔细检查或安装电动车的前部组件，突出了质量控制和详细工作的重要性。,Vespa电动车工厂介绍",d2cf5d7182cf49fa19a6e7cd58435fb5
"三轮车停放在户外，看起来像是用于存放工具和材料，配有一把大伞提供阴凉。,美国用户评价GOWEI电动三轮车",8edbdffa9bc2283ccb2a0c6b0178a467
"展示外卖员从侧面钢架上拿取装有商品的塑料袋，体现电动车的实用载物功能。,GOWEI 外卖车测评",a4e95b55b86739bcd2e18dab8263987a
"聚焦电动车的仪表盘，显示当前速度为24公里/小时，展示其信息清晰易读的特点。,GOWEI 外卖车测评",a4f9bc47ce086ec72ce96bf59510733d
"显示完成品的最终检验过程，员工进行质量检查，确保产品达到标准。,这是一个有关电动车烤漆工艺流程的视频",040942e15c464491bd22c739cea3a990
"展示了另一侧电动摩托车的后轮和刹车系统，轮胎规格为120/70-12j。,GOWEI CP900电动两轮车",186516c0934675be9d013522d61c7c22
"显示电动车由驾驶者操作的整体侧视图，强调设计的现代感和实用性。,GOWEI 外卖车测评",c7c806f3dc7f5197288233734bb2f819
"叉车正在装卸箱子，箱子清晰地标有'FORTE'的字样，叉车的叉子部分正在操作箱子，准备进行移动或装车。,GOWEI 装柜",3a5a32dfd37f683386a9e37f107a3ef2
"一个大型车间内部，挂满了待处理的电动车部件,这是一个有关电动车烤漆工艺流程的视频",9ebe64f4ce05a7819738af6960730c2d
"装备全套骑装的女性在公园的自行车道上骑行，展示电动车的实际使用场景和骑行效果。,GOWEI CP900电动两轮车",5c35c761a56a8e21d4471ade7d9e0c31
"三轮车装载着饲料桶，用于喂食多种农场动物，如鹅和羊。,美国用户评价GOWEI电动三轮车",b727bbf6ea7e38bd29bb4928315c4e27
"集中展示电动车的后轮和尾灯设计，可能强调其安全性和美观的设计。,GOWEI 外卖车测评",2c6172c0ea40104b778f439bac3c4893
"车辆的驾驶部分，清楚地看到车辆的脚踏板和部分内部机械结构，包括脚刹和电动启动装置。所有部件保持着良好的维护状态，显现出Vespa电动车的高品质和精细工艺。蓝色的车身在细节处也显示出精心的设计感。,Vespa电动车",37d8448cfd77b6b12f6f5319e45e60da
"展示外卖员在较为繁忙的市区道路上骑行，演示车辆在城市交通中的实际应用。,GOWEI 外卖车测评",4951d93d5fb50aab1f1a196dbadbbd8e
"女性站在停放的电动摩托车旁，场景强调了电动车的时尚外观和设计。,GOWEI CP900电动两轮车",cfcf303790a5fdb014a9f724dc49a705
"手持手机显示外卖订单情况的画面，突出了使用手机接收和处理订单的便利性。,GOWEI 外卖车测评",e42ec328047da5950e4828b6884c459b
"聚焦一个正在组装电动车的工人，他在认真完成具体的手工作业，展示了装配工作的专注与细致。,Vespa电动车工厂介绍",81371d873429025c8546163a0f625ecb
"身着外卖公司制服的配送员正在查看手机，准备接单或查看配送信息。,GOWEI 外卖车测评",10b8c2c30116ffae80672c7d1a8890c9
"两位工作人员在检查或操作一些正在输送带上移动的电动车部件,这是一个有关电动车烤漆工艺流程的视频",48094f463e05961c7706a7c2660d374d
"紧聚焦在电动摩托车的支撑脚架上，突出了脚架的设计和材质。,GOWEI CP900电动两轮车",4e3ab56cf7bfede5211edd9643c9c00c
"外卖配送员骑着外卖车在路上行驶，体现了外卖车的实用性及其在城市道路上的灵活性。,GOWEI 外卖车测评",33148617e09348a88973daad04b694ab
"烤漆完成后的部件冷却区，部件被摆放在特制架子上进行自然冷却,这是一个有关电动车烤漆工艺流程的视频",70799aeb6f90d6deb3aa11cbc3a9853e
"着重展示了电动摩托车的前轮和其CNC制动系统，加强了对先进制动技术的展示。,GOWEI CP900电动两轮车",09efa54db184de43e073dbc1ac9f4062
"再次展示CNC制动系统并聚焦在不同角度的前轮和泥板上，突出了车辆的细节与高品质制造。,GOWEI CP900电动两轮车",a38ac41b4a18c9a92edbf62061862648
"三轮车在农场上快速行驶，显示出良好的机动性和速度，背景有其他车辆和动物。,美国用户评价GOWEI电动三轮车",e9c63cb417e33a1066dce44299a3e583
"外卖配送员带着安全头盔坐在外卖车上休息，表现了等待订单的一刻，背景为都市建筑。,GOWEI 外卖车测评",c0bcf276ad9b870d410cb0099f120d69
"展示了电动车的手把部分，特别是采用CNC精工的制动和离合器手柄，突出了高级的装备和精细的工艺。,GOWEI CP900电动两轮车",37227402167e99eb6e76413a83a471ba
"聚焦于电动车的前把及显示面板区域，展示了现代和流线型的设计，以及带有CNC标识的独特造型。,GOWEI CP900电动两轮车",8f8c246657922699a19eaae1e22a1d00
"主要关注三轮车的前部，包括车头和座位，可以看出设计细节和结构。,美国用户评价GOWEI电动三轮车",99501c664ebcb172a2bdaaa446ec30f2
"一个使用者坐在三轮车内，穿戴保护装备，准备驶离一座木质大门，展示了三轮车的使用环境。,美国用户评价GOWEI电动三轮车",baecc31d73cae19e45538752e1021e0a
"焦点放在了电动车的尾部及后轮等传动系统，显示了坚固的尾架和精心设计的后减震装置。,GOWEI CP900电动两轮车",21da0597e1ab6d697d0b2c6c577f420e
"显示一位工人在电动车的后轮组装，这个场景强调了技术和手工的结合，展示了车辆组装的具体环节。,Vespa电动车工厂介绍",b2f4670ae10df36ee9b18b5daf423230
"整车远景展现，提供了电动车的全貌，突出动感的车身贴纸和整体设计。,GOWEI CP900电动两轮车",bb1e3bba192dc1a267db381d2d35941b
"三轮车停放在一个看起来像家庭住址的地方，显示了其作为个人交通工具的一种可能用途。,美国用户评价GOWEI电动三轮车",4dbd0d49ab5efea18da0f0d993ed9ca5
"车辆前方远景，突显了车辆的车头设计以及独具特色的美观造型。,GOWEI CP900电动两轮车",ab1de25016c556e8262ea9bd0af9fdfb
"工作人员正在仔细检查烤漆后的电动车部件质量,这是一个有关电动车烤漆工艺流程的视频",9b02ac5a4cf1e4dacc2e8439c7c32000
"近距离展示外卖车的侧面，突出了车辆的动力装置和品牌标志（GO吉）、加速性能。,GOWEI 外卖车测评",551f6c306a6acea391fa1828b884c899
"细节展示外卖车的电机部分和车架，突显了现代化技术和结实的设计。,GOWEI 外卖车测评",f0481be3bd9f3867d42e3263d35ef27b
"展示了全景的外卖车，聚焦在前灯设计及整体造型，强调了外卖车的设计美观和实用性。,GOWEI 外卖车测评",b11f311bf83105e859d015f92dd9899c
"完整展现了外卖车停静时的侧面全视图，重点在于车辆的整体设计和储物空间。,GOWEI 外卖车测评",9b408c2e3aeb4425bc5d3879aec7df15
"“网速快”四个字清晰显示，可能象征该外卖车型具备高效率和快速响应的特点，这也许是视频的标题画面或结束语。,GOWEI 外卖车测评",207e3e1a1f5e47d6f8acd8841fefe752
"一位工人正用粉笔在已烤漆的电动车部件上做标记,这是一个有关电动车烤漆工艺流程的视频",36cace27e9e8dfeb5c66f9333a789295
"工作人员正在一张大桌上操作电动车部件,这是一个有关电动车烤漆工艺流程的视频",3d22529442382fea3a765b19965e4bc1
"一位女性正准备戴上头盔，背景是电动车，展示了使用电动车前的安全准备。,GOWEI CP900电动两轮车",a8c810ccb4edaa179352646185ae58f4
"同一位女性正在调整头盔，强调了在驾驶前注重安全装备的重要性。,GOWEI CP900电动两轮车",c0e0194ea3ae205183d37f905471ab96
"女性驾驶电动车经过一条风景优美的道路，展示了电车的实际使用环境和操控感。,GOWEI CP900电动两轮车",2afeb4bc7c7fca596d0b47100cf023b3
"以车轮为焦点，捕捉到高速行驶中的动态，强调了车辆的性能和稳定性。,GOWEI CP900电动两轮车",472b92999eaa21a9ae3df8fee4fb6caf
"一位女性驾驶GOWEI CP900在蓝色人行道上行驶，周围是树木和天空。,GOWEI CP900电动两轮车",852b3aeabb6133236d35a4471f6acf33
"女性驾驶电动车穿过白色和金属拱门，背景是绿化环境和步道。,GOWEI CP900电动两轮车",2d4f50d1ed3e88974efbcd0fcbf91bce
"女性驾驶者在涂鸦的城市桥上行驶，展示电动车在城市环境中的适用性。,GOWEI CP900电动两轮车",4fedb679bb9e660c60787526e81e067d
"一位工作人员正在将处理完的电动车部件放入蓝色的塑料箱中,这是一个有关电动车烤漆工艺流程的视频",04d4a08c19360c7c5fbfd1d9a0d60ca2
"电动车的侧面特写，背景显示高速行驶的快感和流畅线条。,GOWEI CP900电动两轮车",1af18a51702a1e020d250f28c10a0aba
"这张图片描述了一位男子坐在一辆蓝色的电动三轮车上，戴着草帽，并在户外向摄像头讲话，表达关于该电动三轮车的看法。图片还显示了一只动物（看起来像是羊）在他的旁边，而背景是开阔的天空和沙土地面。男子似乎在评价这辆电动三轮车的实用性，因为视频字幕中提到“它们在草地上非常有用”。这场景似乎发生在户外的农村或荒野区域。,美国用户评价GOWEI电动三轮车",eff0603254acc7bc74f7598f9b83bba7
"电动车侧面特写，背景突出车辆在行驶中的稳定性和速度感。,GOWEI CP900电动两轮车",be914ecd408e7ed2b2695436b013e17c
"内部一个电池装配区的景象，工人们在进行电池组的装配，突显了电动车生产中电池技术的重要性。,Vespa电动车工厂介绍",62bde962cc846cae6eb3f19aae8c40cb
"电动车前部和车牌特写，标注了“12辆4000W的极速版”，显示车辆的型号和高性能。,GOWEI CP900电动两轮车",6723c88f5566a37762bd4ed6c759f7bf
"电动车刹车系统特写，展示先进的制动技术和制动盘，确保驾驶安全性。,GOWEI CP900电动两轮车",9365e49d3860c6d30b4deb2ce59b4293
"工作人员正进行最终质检，另一位工作人员则忙于将部件进行包装，准备出货,这是一个有关电动车烤漆工艺流程的视频",8167ae165be6dd9a14fbca54aff54245
"电动车正面特写，抓拍了驾驶者满意的表情，背景是绿色植被，显示驾驶的愉悦感。,GOWEI CP900电动两轮车",75fece4ae33c8a497b389d4855104090
"女性驾驶者在蓝色人行道上行驶，景色宜人，突出电动车在休闲和通勤环境中的适用性。,GOWEI CP900电动两轮车",00934d657add2b2c9743f959f7491b5c
"一个存放已完成电动车的仓库，排列整齐的电动车为出货做准备，显示了大规模生产的结果。,Vespa电动车工厂介绍",d0a63c90993e0342f7b41e3c96580458
"展示电动车的前轮和刹车系统，突出了配备的320mm大尺寸碟刹片和对应的刹车卡钳，突出其安全性和性能。,GOWEI CP900电动两轮车",d547b37c9a767f6703c96d2a858b8857
"焦点同样在电动车的后轮和刹车系统上，也是320mm大尺寸碟刹片，表明后轮同样强调刹车性能。,GOWEI CP900电动两轮车",b7da0e223f5ad1a94b336b015f370d3e
"细节图显示了电动车后轮的减震器和带有设计图案的碟刹片，此处是220mm的碟刹片，强调了其后轮减震和制动能力。,GOWEI CP900电动两轮车",39cd9d395822f46f8f21700091b372af
"另一个角度展示后轮220mm碟刹片和金色的卡钳，更加注重展示了时尚的配色和设计。,GOWEI CP900电动两轮车",8bd7308a61a94862fc4abf1264ce35f3
"另一个车库场景，展示了成排的电动车准备检查或出货，光线从仓库尽头射来，形成视觉的深度和引导。,Vespa电动车工厂介绍",ee466bd51ba39000bcfc6b44b0d56e3d
"图中是一个穿着头盔和骑行装备的人驾驶电动车，准备由绿色的巷道驶出，突出了电动车的实用场景和操作者的安全措施。,GOWEI CP900电动两轮车",1e16e82780d67bb1aac8f46f0272069d
"聚焦在电动车的前灯设计，现代感的灯具设计表明了其优良的照明性能。,GOWEI CP900电动两轮车",027541f46814d0a7e009632306d9906f
"展示了前轮另一个角度的高精度CNC铝制减震，提高了电动车的舒适性和稳定性。,GOWEI CP900电动两轮车",45b3dfa0f7d9d64e4ed7a63b1cd61e30
"聚焦在电动车的后轮减震器和轮辋，显示了X型的强化设计和减震功能，强调了稳定性和耐用性。,GOWEI CP900电动两轮车",06340e665883891639d2c10595f504be
"详细显示了后轮的减震设计和轮辋，再次强调了其高性能的减震和支撑能力。,GOWEI CP900电动两轮车",39561581d6fe1c0d8cef5e5be6f26624
"展示了电动车的大规模存储区域，成排的电动车停放整齐，工厂内部设施宽敞明亮，显示出高效的存储和管理系统。,Vespa电动车工厂介绍",4af476dc493973608ec88441a75946be
"电动车行驶在装饰有现代风格拱门的城市自行车道上，背景是城市高楼，突出其适用于城市环境。,GOWEI CP900电动两轮车",3b6d15f80ea5427e0daed207a366307c
"展示的是大量蓝色工业电动车，突出了工厂的多样化产品线和高产量能力。,Vespa电动车工厂介绍",fc74e35b1b28de6a0ae9ee28a63d8819
"驾驶者正穿戴全套安全装备（如头盔）在桥上行驶，显示电动车稳定性好，适用于多种路面。,GOWEI CP900电动两轮车",3bbafb62bdd87138b231abf012afbff5
"以红色和蓝色的电动车为主，每辆车上方似乎都装有电子显示屏，可能用于展示产品信息或作为导航辅助。,Vespa电动车工厂介绍",767cea343ba88a27b143380fd869fcd2
"年轻女性操作电动车，手势动作表明她可能正在讲解电动车的特点或操作方法，适用于营销展示。,GOWEI CP900电动两轮车",2385e60c19134b74c28338e998a61556
"展示多款摩托车和电动车。地面干净整洁，光线充足，体现了企业对产品展示的重视。,Vespa电动车工厂介绍",05d6d8849dc7b366956f179373d06557
"特写电动车头部，展示车型标志和设计细节，强调品牌识别和现代感。,GOWEI CP900电动两轮车",dbc8c728d9e66b87a7e15e9b758ba45c
"座椅特写，突出舒适设计和材质，推广乘坐的舒适性。,GOWEI CP900电动两轮车",0a545e8e40a0e8a1307b411471c13ed5
"一个现代化展厅中心，以一个单独的电动车放在圆形展示台上为焦点，周围环绕其他款式的电动车，展示出工厂的设计和技术水平。,Vespa电动车工厂介绍",c7c374b452238ae1ef4d51c60d3bf0e1
"动态侧面视角，突出电动车在公园等户外环境的行驶表现，强调其适合休闲环境。,GOWEI CP900电动两轮车",982109cfd91f88b2f739d051015cde8e
"电动车正面低角度拍摄，专注于车辆前部设计和地面的接触情况，展示良好的稳定性和设计美感。,GOWEI CP900电动两轮车",6b023ca0b0305d9025c708ec253d5228
"电动车快速经过的模糊景象，表达速度感和操控性。,GOWEI CP900电动两轮车",400b4ee989a03b4484f7260117a2ab80
"特写摩托车把手及其操控系统，包括启动和停止按钮，趋向于突出操控的简单性和直观性。,GOWEI CP900电动两轮车",dfb2ee97203555fd35c6a9e4d27a3df2
"电动两轮车的存储箱内部细节，包括位于内部的通电按钮。,GOWEI CP900电动两轮车",db1d86ef9dabec971c0bea9579f5e54e
"电动车的正面和侧面设计，具有USB充电端口的便利功能。,GOWEI CP900电动两轮车",c1e632d19e951f917cc574e3113b5d87
"女主角站在电动车旁，体现了车辆与人物之间的协调与时尚外观。,GOWEI CP900电动两轮车",ac96eea42b66781176d1cf28d873ff84
"以白色为主的环境中展示各式电动车，包括经典款和现代款，体现出企业的广泛产品系列。,Vespa电动车工厂介绍",72f47bcae476ecc6f02ad8acc7d64cca
"女主角骑行中穿过绿意盎然的公园小径，展现出电动车在户外环境中的使用场景。,GOWEI CP900电动两轮车",c2d9d9f82e3270a161dc1c062774a090
"女主角驾驶电动车的特写，突出了骑行时的动态感和轻便性。,GOWEI CP900电动两轮车",d445bfa25b5657f005184fb48a674b15
"展示一排多色系列的摩托车，包括紫色和黑色等多样色彩，摆放精致，突出了产品的多样性和时尚感。,Vespa电动车工厂介绍",e7137ad6097f827baa4ca0c10d518c41
"女主角下车后立于电动车旁，向观众介绍或展示电动车，背景为自然公园。,GOWEI CP900电动两轮车",38d9b2b1da55382b890b71cec688a8e0
"电动车与其用户之间的互动，展示了电动车在日常生活中的应用及其便携性。,GOWEI CP900电动两轮车",8df66c3b0183ab71f8cfb7ffe9522862
"特写一款高性能的摩托车，这显然是为满足性能爱好者设计的高端产品，展示出工厂的技术制造能力。,Vespa电动车工厂介绍",94c1e0a8cdc4f43d62dc8747e76b4806
"展示一系列颜色丰富、设计简洁大方的电动滑板车，强调产品的便捷性和市场的年轻化趋势。,Vespa电动车工厂介绍",905833ed66303fd423fa900e7d399de1
"展示了一款绿色的Vespa电动车，其特点是被设置在展示台上，背景有展示牌介绍其特性，看起来非常现代且专业。,Vespa电动车工厂介绍",5076d283da75a0482eadb87a98dd401c
"另一款黑色电动车摩托放在展示台上，旁边陈列有相关的工具和设备，强调了产品的维护和实用性。,Vespa电动车工厂介绍",74d5669acb60533049a7114091a97bbe
"展示了一个蓝色的三轮电动车，这种车型可能更适合于载货或工业用途。,Vespa电动车工厂介绍",36a6ff7b1028283e483e6a760a5045f4
"展示了一条平坦宽敞的道路，一辆电动车在路上行驶，体现了这款车的实际使用环境。,Vespa电动车工厂介绍",194d375e1b8814e348c5bbf344f2c9c6
"两名骑手在一个晴朗的日子里在城市街道上骑行，展示了电动车在户外的动态性能。,Vespa电动车工厂介绍",1ab3f7a7b97ef5536eb40f4e1876e52b
"该场景进一步展示了两名骑手在沿途的城市景观中骑行，突出电动车的适用性和便利性。,Vespa电动车工厂介绍",73493eeebe11baf05f1208b4f495630e
"一组电动车骑手在宽敞的街道上排成一行行驶，展示了电动车的群行特性。,Vespa电动车工厂介绍",3abad70221e960bf97ecd8e8b16ccfad
"不同款式的电动车同时在行驶，突出了各款车型的多样性和实际应用场景。,Vespa电动车工厂介绍",d3bb7a891287d2cecbfdc46876917624
"骑手戴着头盔驾驶一款黑色现代电动车，直接对着镜头招手，传达出友好和亲和力。,Vespa电动车工厂介绍",8fb27488d9aa8dd38e1a88a5cee676ba
"这张图片显示的是一个现代化的、拥有干净、简洁设计的室内环境。室内主要颜色为白色，具有多个圆形拱门结构，创造出一种未来感和科技感。图像中心有一个带有“GOVEI”标志的标牌，看起来像是一个品牌或公司的标志。该环境可能是一个展示厅或接待区，设计用于展示产品或接待访客。虽然描述提到Vespa电动车工厂，但实际图像中的内容与描述不符，可能是视频中其他部分的场景。,Vespa电动车工厂介绍",2b4c818355e09cff89954137187a5652
"这张图片展示了一个标有“GOWEI电动”字样的现代化工厂大楼。图片中的建筑有两座相连的大楼和一个带遮阳设施的通道。工厂周围放置了装有货物的蓝色和白色堆栈式包装箱。工厂外观干净且维护良好，显示了其可能涉及的电动两轮车和电动三轮车的生产活动。天空晴朗，是一个典型的工业生产环境。,GOWEI电动两轮车和电动三轮车生产工厂",c4f0e3285418d80d61e81587bcda960b
"这张照片显示了一个大型的工业建筑，其外墙上有“GOWEI科技园”标志。这座蓝灰色的多层建筑位于一个清晰、阳光充足的日子中，前面有一个装饰性的岩石花园和绿色的草坪。这个设施表面上是一个生产电动三轮车的工厂。在入口前有一个带有放行标志的栅栏，表明这是一个受限的区域。,GOWEI电动三轮车制造车间",59ba7e96de25bcc2f458392a1528858b
"这张图片展示了Jiangsu GOWEI Motors Co. Ltd的主入口。图片中可以看到一座现代风格的四层建筑，建筑的前方有一块写有“江苏国威汽车有限公司”黑色石碑，碑前种植着红色的花朵和绿色植被。石碑后方，建筑的入口上方飘扬着三面旗帜。晴朗的天气和艳阳高照，使得整个场景看起来非常宁静而庄严。,GOWEI公司大门形象",58aa2c6d6674bc0bab72137bc6285bfd
"这是一张位于GOWEI电动两轮车展厅的照片。展厅内环境现代且庄严，布置整齐划一，展示了多款不同样式和颜色的电动两轮车。展示区中央有几款两轮车被放置在专用的展示台上，突出其特色。背景幕墙上印有企业宣传语和图案，整个场景显得十分专业。,GOWEI电动两轮车展厅",dfaf047ecd6ed543567003f50e3ce8db
"这张图片展示了GOWEI品牌的电动两轮车在展厅内整齐排列。展厅内部装潢现代，背景为灰色窗帘，地面光滑发亮。电动车颜色多样，从传统的黑白色到更亮眼的红色和蓝色，各种型号均匀展示，旨在吸引不同顾客的眼球。展厅中还有几块介绍材料和广告牌，提供关于电动车的详细信息及其技术规格。整体来看，这是一个专业且精心布置的电动车展示空间。,GOWEI电动两轮车展厅",141a0bc1f81be834b1ac87400bae0d8b
"这是一张展示GOWEI品牌电动两轮车的展厅内部照片。照片中展示了多款不同设计和颜色的电动摩托车和电动踏板车，整齐排列在光滑的白色地面上。每辆车前都设有说明牌，提供车辆的相关信息。背景中有一块大型广告牌，上面写着“GOWEI 引导时尚”，下方是“电动性能的极致体验”等字样。整个场景呈现出现代、整洁的商业环境。,GOWEI电动两轮车展厅",5064118ecf70d7c5beab600692c094b4
"这是一张展示GOWEI品牌电动三轮车的展厅内部照片。照片中可见展厅内排列整齐的多款电动三轮车，包括载货和载人型号，主要颜色为绿色和蓝色。展厅内部装修现代简洁，顶部装有长条形的灯具，墙壁为浅灰色，地面则铺设有深灰色地砖。在展厅中间位置有一个带有架子和信息板的展示台，上面陈列着一些电动车配件和资料。整个场景展示了一个专业的电动三轮车销售环境。,GOWEI电动三轮车展厅",d6a8fb2846bf88d481c193fe5472efaa
"这是一张蓝色电动三轮车的图片。车型为GOWEI，拥有EEC认证。它配备了一个大型的蓝色货箱，适合运输货物。三轮车的设计结构看起来坚固且适用于多种路况，前面带有摩托车式的驾驶座。,GOWEI EEC认证电动三轮车",393d99f57b402af2d1ead9f5b3aef427
"这是一张蓝色的电动三轮车的图片，具备GOWEI的EEC认证。三轮车前部设计类似于摩托车，配有灯光和前保险杠，而后部则是一个较大的货物载体，侧面有折叠的栅栏，适合运输各种货物。三轮车整体构造坚固，设计用于提高载货效率同时确保驾驶安全。,GOWEI EEC认证电动三轮车",61eb4a5cc7b7e22392d53d50a2e002e9
"图片描述：一辆蓝色的GOWEI品牌电动三轮车，配备EEC认证，专为载货设计。三轮车的后斗可倾倒，便于装卸货物。整体设计紧凑而实用，适合各种商业用途。,GOWEI EEC认证电动三轮车",bc246631c6df02a72294376d1bde2102
"图片显示了一辆蓝色的GOWEI牌电动三轮车，前视角。这辆三轮车配备了一个大型的前承载箱，车身两侧还印有品牌标志和“GOWEI”字样。三轮车装备了一对前大灯和清晰可见的仪表盘。整体造型现代，看似设计用于货运或小型运输任务。,GOWEI EEC认证电动三轮车",f1b7a3a6e666864b3f5565881f2c08fb
"在GOWEI工厂的院子里，两位客户正在测试驾驶一辆蓝色的电动三轮车。背景是工厂的一部分，此处环境宽敞适合进行试驾。一位客户正在驾驶三轮车，另一位则在旁边步行，看起来像是在观察或指导。这为了解客户对电动三轮车的操作感受提供了实地体验的机会。,客户在GOWEI工厂试驾GOWEI电动三轮车",cc13d39da2c091de35b55f01c4794ee0
"这张照片展示了三名男士在GOWEI工厂的户外空间进行电动三轮车的试驾活动。照片中，一名男士正在电动三轮车上操作车辆，而其他两人站在车辆旁边，其中一位似乎在和试驾者交谈或给予指导。背景是工厂的建筑，天气晴朗，环境看起来整洁。整体来看，这是一个关于产品展示和客户体验的场景。,客户在GOWEI工厂试驾GOWEI电动三轮车",6e55244068833a1baa53a870a45de67b
"这张图片展示了一辆停在城市街道旁的GOWEI品牌的不锈钢电动三轮车。三轮车的设计注重实用性，具有宽大的不锈钢货箱，便于运载各种物品。背景是现代建筑和停放的汽车，突显了这种电动三轮车在现代城市环境中的使用场景。,GOWEI 不锈钢电动三轮车",2fb8c2ef75fa8def8e04d862957e3c9d
"这张图片展示了一辆GOWEI牌不锈钢电动三轮车的车厢部分。三轮车车厢采用全钢结构，边缘有加强的护栏，看起来非常结实耐用。车厢内部平整宽敞，可用于运输多种物品。背景是户外的道路和建筑，说明图片拍摄地点可能是城市的商业区或工业区。,GOWEI 不锈钢电动三轮车",536e82a5178588623d1535d4441aef4a
"图片展示了一辆标有“GOWEI”标志的不锈钢电动三轮车，停放在一个宽敞的院子里。这辆三轮车具有现代设计，装备了亮银色的车身和黑色轮胎，前端配有一个大型的透明灯具。背景是一些树木和一个具有现代建筑风格的建筑。整体场景在明亮的日光下显得格外清晰。,GOWEI 不锈钢电动三轮车",b5ac82d3e4c75f1b08e588ce61deffc1
"该图片展示了一名工作人员正在使用红色叉车将包装好的电动车装入写有“MAERSK”标志的大型集装箱。时间显示为傍晚，天空微微发黄。在集装箱外明显看到包装箱上印有“Forte”字样。整个场景发生在室外，地面为混凝土铺设。,GOWEI 电动车装柜",8b1f13bab32bfbc15dd1506830b6d521
"图片描述：一位操作员正在使用红色的叉车向货柜装载大型包裹。图片中展示了叉车在宽敞的车间内工作，周围有多辆装载着货物的卡车和货柜，场景在白天进行，可见到天蓝的天空和远处的建筑物。,GOWEI 电动车装柜",af117b22f00524af00195cae9f76dc33
"这张照片描述的是一些工人在夜间装载带有“GOWEI”标志的电动车到一辆大型货柜车内。货柜车门已经打开，内部由货物箱填满，而一些大型的纸箱放置在货柜车外侧，准备装运。整个场景在灯光的照射下，给人一种忙碌而有序的工作气氛。,GOWEI 电动车装柜",6ba263042adc2005a1a19d486604f2b0
"这张图片显示了一辆GOWEI牌电动车正在装入货柜。图片中的场景发生在白天，可以看到一台叉车正在助力将包裹着保护膜的电动车逐个装载进一个开放的集装箱中。集装箱门开启，叉车司机正在操作叉车确保货物安全装入。地面上零散地散落着一些物料，如电线卷等。,GOWEI 电动车装柜",424dccc766bf87f0a6182426c4f3f704
"在展会上，一位顾客正在试驾江苏GOWEI摩托车公司的电动两轮车。背景中有关于公司的介绍横幅，展示了公司的信息和产品特点。地毯为蓝色，上面有白色的花朵图案。整个场景显得专业且充满现代感。,客户试驾GOWEI电动两轮车",83cdebffe300aa0c7e70f21baebff26e
"这是一张ROCKET电动车的正面照片。电动车呈现现代化的白色设计，前部设计非常流线型，配有明亮的前灯和两个侧面后视镜。车身前端展示了锋利且具有未来感的造型，整体车型看起来既时尚又实用。图片背景为一个带有“F”标志的工业建筑。,ROCKET电动车正面照片",34058c577ef78c8c63004436932cd8c4
"这是一张展示ROCKET电动车侧面的照片。电动车颜色主要为白色，设计现代，侧面线条流畅。前轮配有碟刹，车身侧边略显几何感。座位设计宽敞，配有棕色座垫，增添了一些复古风格。整体看来，这款电动车结合了实用性与时尚美观。,ROCKET电动车正侧面照片",8e7397dfc67a1b7e68f9328f3cfac2f1
"这是一张展示ROCKET品牌电动车的前轮和部分车身的图片。前轮设计精致，装有多辐条轮圈和碟刹系统。轮胎上标有尺寸信息“120/70-12”以及用途说明“Tubeless”，说明是不需要内胎的真空轮胎。电动车的颜色主要是白色，车身线条流畅，背景为城市街头环境。,ROCKET电动车前轮",0dc41e78f15c9b167f74f55a21a31a79
"这张图片展示了一款名为ROCKET的电动车的仪表盘。仪表盘采用白色设计，中央是一个未开启的黑色屏幕，两侧配有操作按钮。左手边的按钮包括转向灯开关和远近光灯切换，而右手边的按钮控制着行车模式、喇叭和电源。整体设计简洁，功能分区明确。,ROCKET电动车仪表盘",c8ff8111d134353bf2dcc956261fef37
"这是一张展示ROCKET品牌电动车的照片。电动车呈现白色，配有棕色座椅，前轮装有防抱死制动系统。车体造型现代，整体设计流畅，背景是建筑物和深色墙面，展示了车辆的前侧面视图。,ROCKET电动车前侧面",2c749f4bb7b876a2d6a0b94d7129b2ec
"这是一张展示ROCKET品牌电动摩托车的照片，摩托车呈现现代设计，主要颜色为白色，搭配棕色座椅。照片从侧面拍摄，清晰展示了车辆的前灯、后视镜、把手和车轮等细节。背景为均匀的灰色墙面，突出了摩托车的外观特征。,ROCKET电动车侧面",44b6c1305b21eb07273b0ba4e46bb815
"这是一张展示ROCKET品牌电动车的调速把的图片。从图片中可以看到，电动车的调速把位于右侧，设计简洁，配有黑色的握把和银色的端部。左侧有车辆的控制按钮，包括模式切换和启动按钮。整个场景的背景为灰色的地面，突出了电动车的部件细节。,ROCKET电动车调速把",385e1d0bab1a41ec002d1f9b27418850
"图片显示了一辆ROCKET品牌电动车的后轮和电机部分。可以看到轮胎、刹车盘、减震器以及部分隐藏在车体下方的电动机。轮胎标有“Nylon”字样，刹车盘上有“Combined ABS”标记，暗示该电动车装备了联合防抱死制动系统。整幅图呈现了这辆电动车的部分机械细节，显示出其设计和功能性。,ROCKET电动车电机",e47b7cc3e39047eb449576cd30a00c72
"这张图片展示了一座大型的现代化工厂建筑，标有“ROCKET”和“电动车”字样的红色旗帜在建筑顶部飘扬。建筑主体是灰白色的，具有大片窗户和柱状的装饰门廊。前方有一个停放着的白色小型货车，上面写着关于宣传和服务的信息。整体场景在晴朗的天气下，给人一种整洁和专业的感觉。,ROCKET电动车工厂介绍",33b2ba2f782c1a2dc286c9c2412592e8
"这是一张展示电动版Vespa摩托车的图片。摩托车呈现淡蓝色，配有棕色的座椅和一系列金属装饰，包括前后的灯光和车把上的镜子。这辆摩托车还装备了一种透明的挡风玻璃和后部附加的行李箱。图片背景为一个简朴的工作室环境，地面干净明亮。此外，还可以看到用于充电的黑色设备连接在摩托车下方。整体展示了这款电动摩托车的现代设计与功能特性。,Vespa电动车展示",27817bc2c30fbab254810e4a982b52ae
"这是一张展示典型的浅蓝色Vespa电动车的图片。摩托车配备了前后的镀铬保险杠，皮质座椅，及配有顶部行李箱。车头装有圆形的大灯和风挡玻璃，整体设计显得既时尚又实用。图片背景是一个简单的室内环境，摩托车前方左侧设有一个黑色的摄影灯架。,Vespa电动车展示",c9875192050734c20badc9da39162f5b
"这张图片展示了一辆银色的Vespa电动车，整体设计时尚而经典。车辆配备了前挡风玻璃和一个后置行李箱，显得实用而优雅。背景是一个简洁的摄影棚，使得主视觉焦点集中在摩托车本身。这种设计既突出了车辆的细节，也体现了其作为展示用途的功能性。,Vespa电动车展示",ea1c2d30d86873824e5b8c5fb2acd39a
"这是一张展示Vespa电动车的照片，摩托车呈现深灰色，配备了前后金属护栏和一个后部储物箱。该车辆还装备了透明的风挡和侧镜，展示了其经典而现代的设计风格。整体背景为简单的白色，与黑色支架和地面形成对比，突出了摩托车的细节。,Vespa电动车展示",263489b1284d3f23b2d10257adae6913
